<?xml version="1.0" encoding="UTF-8"?><?xml-stylesheet type='text/xsl' href='_UpgradeReport_Files/UpgradeReport.xslt'?><UpgradeLog>
<Properties><Property Name="Solution" Value="agyn.ConvertedBitmapChain">
</Property><Property Name="Solution File" Value="G:\Обучение\WPF_Petzold\Projects\GraphicsWorking\agyn.ConvertedBitmapChain\agyn.ConvertedBitmapChain.sln">
</Property><Property Name="Date" Value="27 ақпан 2012 ж.">
</Property><Property Name="Time" Value="16:35">
</Property></Properties><Event ErrorLevel="0" Project="" Source="agyn.ConvertedBitmapChain.sln" Description="File successfully backed up as G:\Обучение\WPF_Petzold\Projects\GraphicsWorking\agyn.ConvertedBitmapChain\Backup\agyn.ConvertedBitmapChain.sln">
</Event><Event ErrorLevel="0" Project="agyn.ConvertedBitmapChain" Source="agyn.ConvertedBitmapChain\agyn.ConvertedBitmapChain.csproj" Description="Project file successfully backed up as G:\Обучение\WPF_Petzold\Projects\GraphicsWorking\agyn.ConvertedBitmapChain\Backup\agyn.ConvertedBitmapChain\agyn.ConvertedBitmapChain.csproj">
</Event><Event ErrorLevel="0" Project="agyn.ConvertedBitmapChain" Source="agyn.ConvertedBitmapChain\agyn.ConvertedBitmapChain.csproj.user" Description="Project user file successfully backed up as G:\Обучение\WPF_Petzold\Projects\GraphicsWorking\agyn.ConvertedBitmapChain\Backup\agyn.ConvertedBitmapChain\agyn.ConvertedBitmapChain.csproj.user">
</Event><Event ErrorLevel="0" Project="agyn.ConvertedBitmapChain" Source="agyn.ConvertedBitmapChain\App.xaml.cs" Description="File successfully backed up as G:\Обучение\WPF_Petzold\Projects\GraphicsWorking\agyn.ConvertedBitmapChain\Backup\agyn.ConvertedBitmapChain\App.xaml.cs">
</Event><Event ErrorLevel="0" Project="agyn.ConvertedBitmapChain" Source="agyn.ConvertedBitmapChain\ConvertedBitmapChain.xaml.cs" Description="File successfully backed up as G:\Обучение\WPF_Petzold\Projects\GraphicsWorking\agyn.ConvertedBitmapChain\Backup\agyn.ConvertedBitmapChain\ConvertedBitmapChain.xaml.cs">
</Event><Event ErrorLevel="0" Project="agyn.ConvertedBitmapChain" Source="agyn.ConvertedBitmapChain\Properties\AssemblyInfo.cs" Description="File successfully backed up as G:\Обучение\WPF_Petzold\Projects\GraphicsWorking\agyn.ConvertedBitmapChain\Backup\agyn.ConvertedBitmapChain\Properties\AssemblyInfo.cs">
</Event><Event ErrorLevel="0" Project="agyn.ConvertedBitmapChain" Source="agyn.ConvertedBitmapChain\Properties\Resources.Designer.cs" Description="File successfully backed up as G:\Обучение\WPF_Petzold\Projects\GraphicsWorking\agyn.ConvertedBitmapChain\Backup\agyn.ConvertedBitmapChain\Properties\Resources.Designer.cs">
</Event><Event ErrorLevel="0" Project="agyn.ConvertedBitmapChain" Source="agyn.ConvertedBitmapChain\Properties\Settings.Designer.cs" Description="File successfully backed up as G:\Обучение\WPF_Petzold\Projects\GraphicsWorking\agyn.ConvertedBitmapChain\Backup\agyn.ConvertedBitmapChain\Properties\Settings.Designer.cs">
</Event><Event ErrorLevel="0" Project="agyn.ConvertedBitmapChain" Source="agyn.ConvertedBitmapChain\Properties\Settings.settings" Description="File successfully backed up as G:\Обучение\WPF_Petzold\Projects\GraphicsWorking\agyn.ConvertedBitmapChain\Backup\agyn.ConvertedBitmapChain\Properties\Settings.settings">
</Event><Event ErrorLevel="0" Project="agyn.ConvertedBitmapChain" Source="agyn.ConvertedBitmapChain\Properties\Resources.resx" Description="File successfully backed up as G:\Обучение\WPF_Petzold\Projects\GraphicsWorking\agyn.ConvertedBitmapChain\Backup\agyn.ConvertedBitmapChain\Properties\Resources.resx">
</Event><Event ErrorLevel="0" Project="agyn.ConvertedBitmapChain" Source="agyn.ConvertedBitmapChain\App.xaml" Description="File successfully backed up as G:\Обучение\WPF_Petzold\Projects\GraphicsWorking\agyn.ConvertedBitmapChain\Backup\agyn.ConvertedBitmapChain\App.xaml">
</Event><Event ErrorLevel="0" Project="agyn.ConvertedBitmapChain" Source="agyn.ConvertedBitmapChain\ConvertedBitmapChain.xaml" Description="File successfully backed up as G:\Обучение\WPF_Petzold\Projects\GraphicsWorking\agyn.ConvertedBitmapChain\Backup\agyn.ConvertedBitmapChain\ConvertedBitmapChain.xaml">
</Event><Event ErrorLevel="0" Project="agyn.ConvertedBitmapChain" Source="agyn.ConvertedBitmapChain\agyn.ConvertedBitmapChain.csproj" Description="Project converted successfully">
</Event><Event ErrorLevel="3" Project="agyn.ConvertedBitmapChain" Source="agyn.ConvertedBitmapChain\agyn.ConvertedBitmapChain.csproj" Description="Converted">
</Event><Event ErrorLevel="0" Project="" Source="agyn.ConvertedBitmapChain.sln" Description="Solution converted successfully">
</Event><Event ErrorLevel="3" Project="" Source="agyn.ConvertedBitmapChain.sln" Description="Converted">
</Event><Event ErrorLevel="0" Project="agyn.ConvertedBitmapChain" Source="agyn.ConvertedBitmapChain\agyn.ConvertedBitmapChain.csproj" Description="Scan complete: Upgrade not required for project files.">
</Event></UpgradeLog>