<?xml version="1.0" encoding="UTF-8"?><?xml-stylesheet type='text/xsl' href='_UpgradeReport_Files/UpgradeReport.xslt'?><UpgradeLog>
<Properties><Property Name="Solution" Value="agyn.FishBrush">
</Property><Property Name="Solution File" Value="G:\Обучение\WPF_Petzold\Projects\GraphicsWorking\agyn.FishBrush\agyn.FishBrush.sln">
</Property><Property Name="Date" Value="27 ақпан 2012 ж.">
</Property><Property Name="Time" Value="16:39">
</Property></Properties><Event ErrorLevel="0" Project="" Source="agyn.FishBrush.sln" Description="File successfully backed up as G:\Обучение\WPF_Petzold\Projects\GraphicsWorking\agyn.FishBrush\Backup\agyn.FishBrush.sln">
</Event><Event ErrorLevel="0" Project="agyn.FishBrush" Source="agyn.FishBrush\agyn.FishBrush.csproj" Description="Project file successfully backed up as G:\Обучение\WPF_Petzold\Projects\GraphicsWorking\agyn.FishBrush\Backup\agyn.FishBrush\agyn.FishBrush.csproj">
</Event><Event ErrorLevel="0" Project="agyn.FishBrush" Source="agyn.FishBrush\App.xaml.cs" Description="File successfully backed up as G:\Обучение\WPF_Petzold\Projects\GraphicsWorking\agyn.FishBrush\Backup\agyn.FishBrush\App.xaml.cs">
</Event><Event ErrorLevel="0" Project="agyn.FishBrush" Source="agyn.FishBrush\FishBrush.xaml.cs" Description="File successfully backed up as G:\Обучение\WPF_Petzold\Projects\GraphicsWorking\agyn.FishBrush\Backup\agyn.FishBrush\FishBrush.xaml.cs">
</Event><Event ErrorLevel="0" Project="agyn.FishBrush" Source="agyn.FishBrush\Properties\AssemblyInfo.cs" Description="File successfully backed up as G:\Обучение\WPF_Petzold\Projects\GraphicsWorking\agyn.FishBrush\Backup\agyn.FishBrush\Properties\AssemblyInfo.cs">
</Event><Event ErrorLevel="0" Project="agyn.FishBrush" Source="agyn.FishBrush\Properties\Resources.Designer.cs" Description="File successfully backed up as G:\Обучение\WPF_Petzold\Projects\GraphicsWorking\agyn.FishBrush\Backup\agyn.FishBrush\Properties\Resources.Designer.cs">
</Event><Event ErrorLevel="0" Project="agyn.FishBrush" Source="agyn.FishBrush\Properties\Settings.Designer.cs" Description="File successfully backed up as G:\Обучение\WPF_Petzold\Projects\GraphicsWorking\agyn.FishBrush\Backup\agyn.FishBrush\Properties\Settings.Designer.cs">
</Event><Event ErrorLevel="0" Project="agyn.FishBrush" Source="agyn.FishBrush\Properties\Settings.settings" Description="File successfully backed up as G:\Обучение\WPF_Petzold\Projects\GraphicsWorking\agyn.FishBrush\Backup\agyn.FishBrush\Properties\Settings.settings">
</Event><Event ErrorLevel="0" Project="agyn.FishBrush" Source="agyn.FishBrush\Properties\Resources.resx" Description="File successfully backed up as G:\Обучение\WPF_Petzold\Projects\GraphicsWorking\agyn.FishBrush\Backup\agyn.FishBrush\Properties\Resources.resx">
</Event><Event ErrorLevel="0" Project="agyn.FishBrush" Source="agyn.FishBrush\App.xaml" Description="File successfully backed up as G:\Обучение\WPF_Petzold\Projects\GraphicsWorking\agyn.FishBrush\Backup\agyn.FishBrush\App.xaml">
</Event><Event ErrorLevel="0" Project="agyn.FishBrush" Source="agyn.FishBrush\FishBrush.xaml" Description="File successfully backed up as G:\Обучение\WPF_Petzold\Projects\GraphicsWorking\agyn.FishBrush\Backup\agyn.FishBrush\FishBrush.xaml">
</Event><Event ErrorLevel="0" Project="agyn.FishBrush" Source="agyn.FishBrush\agyn.FishBrush.csproj" Description="Project converted successfully">
</Event><Event ErrorLevel="3" Project="agyn.FishBrush" Source="agyn.FishBrush\agyn.FishBrush.csproj" Description="Converted">
</Event><Event ErrorLevel="0" Project="" Source="agyn.FishBrush.sln" Description="Solution converted successfully">
</Event><Event ErrorLevel="3" Project="" Source="agyn.FishBrush.sln" Description="Converted">
</Event><Event ErrorLevel="0" Project="agyn.FishBrush" Source="agyn.FishBrush\agyn.FishBrush.csproj" Description="Scan complete: Upgrade not required for project files.">
</Event></UpgradeLog>