<?xml version="1.0" encoding="UTF-8"?><?xml-stylesheet type='text/xsl' href='_UpgradeReport_Files/UpgradeReport.xslt'?><UpgradeLog>
<Properties><Property Name="Solution" Value="agyn.ExamineKeyStrokes">
</Property><Property Name="Solution File" Value="G:\Обучение\WPF_Petzold\Projects\RoutedInputEvents\agyn.ExamineKeyStrokes\agyn.ExamineKeyStrokes.sln">
</Property><Property Name="User Options File" Value="G:\Обучение\WPF_Petzold\Projects\RoutedInputEvents\agyn.ExamineKeyStrokes\agyn.ExamineKeyStrokes.suo">
</Property><Property Name="Date" Value="5 наурыз 2012 ж.">
</Property><Property Name="Time" Value="17:08">
</Property></Properties><Event ErrorLevel="0" Project="" Source="agyn.ExamineKeyStrokes.sln" Description="File successfully backed up as G:\Обучение\WPF_Petzold\Projects\RoutedInputEvents\agyn.ExamineKeyStrokes\Backup\agyn.ExamineKeyStrokes.sln">
</Event><Event ErrorLevel="0" Project="" Source="agyn.ExamineKeyStrokes.suo" Description="File successfully backed up as G:\Обучение\WPF_Petzold\Projects\RoutedInputEvents\agyn.ExamineKeyStrokes\Backup\agyn.ExamineKeyStrokes.suo">
</Event><Event ErrorLevel="0" Project="agyn.ExamineKeyStrokes" Source="agyn.ExamineKeyStrokes\agyn.ExamineKeyStrokes.csproj" Description="Project file successfully backed up as G:\Обучение\WPF_Petzold\Projects\RoutedInputEvents\agyn.ExamineKeyStrokes\Backup\agyn.ExamineKeyStrokes\agyn.ExamineKeyStrokes.csproj">
</Event><Event ErrorLevel="0" Project="agyn.ExamineKeyStrokes" Source="agyn.ExamineKeyStrokes\App.xaml.cs" Description="File successfully backed up as G:\Обучение\WPF_Petzold\Projects\RoutedInputEvents\agyn.ExamineKeyStrokes\Backup\agyn.ExamineKeyStrokes\App.xaml.cs">
</Event><Event ErrorLevel="0" Project="agyn.ExamineKeyStrokes" Source="agyn.ExamineKeyStrokes\Window1.xaml.cs" Description="File successfully backed up as G:\Обучение\WPF_Petzold\Projects\RoutedInputEvents\agyn.ExamineKeyStrokes\Backup\agyn.ExamineKeyStrokes\Window1.xaml.cs">
</Event><Event ErrorLevel="0" Project="agyn.ExamineKeyStrokes" Source="agyn.ExamineKeyStrokes\Properties\AssemblyInfo.cs" Description="File successfully backed up as G:\Обучение\WPF_Petzold\Projects\RoutedInputEvents\agyn.ExamineKeyStrokes\Backup\agyn.ExamineKeyStrokes\Properties\AssemblyInfo.cs">
</Event><Event ErrorLevel="0" Project="agyn.ExamineKeyStrokes" Source="agyn.ExamineKeyStrokes\Properties\Resources.Designer.cs" Description="File successfully backed up as G:\Обучение\WPF_Petzold\Projects\RoutedInputEvents\agyn.ExamineKeyStrokes\Backup\agyn.ExamineKeyStrokes\Properties\Resources.Designer.cs">
</Event><Event ErrorLevel="0" Project="agyn.ExamineKeyStrokes" Source="agyn.ExamineKeyStrokes\Properties\Settings.Designer.cs" Description="File successfully backed up as G:\Обучение\WPF_Petzold\Projects\RoutedInputEvents\agyn.ExamineKeyStrokes\Backup\agyn.ExamineKeyStrokes\Properties\Settings.Designer.cs">
</Event><Event ErrorLevel="0" Project="agyn.ExamineKeyStrokes" Source="agyn.ExamineKeyStrokes\Properties\Settings.settings" Description="File successfully backed up as G:\Обучение\WPF_Petzold\Projects\RoutedInputEvents\agyn.ExamineKeyStrokes\Backup\agyn.ExamineKeyStrokes\Properties\Settings.settings">
</Event><Event ErrorLevel="0" Project="agyn.ExamineKeyStrokes" Source="agyn.ExamineKeyStrokes\Properties\Resources.resx" Description="File successfully backed up as G:\Обучение\WPF_Petzold\Projects\RoutedInputEvents\agyn.ExamineKeyStrokes\Backup\agyn.ExamineKeyStrokes\Properties\Resources.resx">
</Event><Event ErrorLevel="0" Project="agyn.ExamineKeyStrokes" Source="agyn.ExamineKeyStrokes\App.xaml" Description="File successfully backed up as G:\Обучение\WPF_Petzold\Projects\RoutedInputEvents\agyn.ExamineKeyStrokes\Backup\agyn.ExamineKeyStrokes\App.xaml">
</Event><Event ErrorLevel="0" Project="agyn.ExamineKeyStrokes" Source="agyn.ExamineKeyStrokes\Window1.xaml" Description="File successfully backed up as G:\Обучение\WPF_Petzold\Projects\RoutedInputEvents\agyn.ExamineKeyStrokes\Backup\agyn.ExamineKeyStrokes\Window1.xaml">
</Event><Event ErrorLevel="0" Project="agyn.ExamineKeyStrokes" Source="agyn.ExamineKeyStrokes\agyn.ExamineKeyStrokes.csproj" Description="Project converted successfully">
</Event><Event ErrorLevel="3" Project="agyn.ExamineKeyStrokes" Source="agyn.ExamineKeyStrokes\agyn.ExamineKeyStrokes.csproj" Description="Converted">
</Event><Event ErrorLevel="0" Project="" Source="agyn.ExamineKeyStrokes.sln" Description="Solution converted successfully">
</Event><Event ErrorLevel="3" Project="" Source="agyn.ExamineKeyStrokes.sln" Description="Converted">
</Event><Event ErrorLevel="0" Project="agyn.ExamineKeyStrokes" Source="agyn.ExamineKeyStrokes\agyn.ExamineKeyStrokes.csproj" Description="Scan complete: Upgrade not required for project files.">
</Event></UpgradeLog>