<?xml version="1.0" encoding="UTF-8"?><?xml-stylesheet type='text/xsl' href='_UpgradeReport_Files/UpgradeReport.xslt'?><UpgradeLog>
<Properties><Property Name="Solution" Value="agyn.DrawButtonsOnBitmap">
</Property><Property Name="Solution File" Value="G:\Обучение\WPF_Petzold\Projects\GraphicsWorking\agyn.DrawButtonsOnBitmap\agyn.DrawButtonsOnBitmap.sln">
</Property><Property Name="Date" Value="27 ақпан 2012 ж.">
</Property><Property Name="Time" Value="16:38">
</Property></Properties><Event ErrorLevel="0" Project="" Source="agyn.DrawButtonsOnBitmap.sln" Description="File successfully backed up as G:\Обучение\WPF_Petzold\Projects\GraphicsWorking\agyn.DrawButtonsOnBitmap\Backup\agyn.DrawButtonsOnBitmap.sln">
</Event><Event ErrorLevel="0" Project="agyn.DrawButtonsOnBitmap" Source="agyn.DrawButtonsOnBitmap\agyn.DrawButtonsOnBitmap.csproj" Description="Project file successfully backed up as G:\Обучение\WPF_Petzold\Projects\GraphicsWorking\agyn.DrawButtonsOnBitmap\Backup\agyn.DrawButtonsOnBitmap\agyn.DrawButtonsOnBitmap.csproj">
</Event><Event ErrorLevel="0" Project="agyn.DrawButtonsOnBitmap" Source="agyn.DrawButtonsOnBitmap\App.xaml.cs" Description="File successfully backed up as G:\Обучение\WPF_Petzold\Projects\GraphicsWorking\agyn.DrawButtonsOnBitmap\Backup\agyn.DrawButtonsOnBitmap\App.xaml.cs">
</Event><Event ErrorLevel="0" Project="agyn.DrawButtonsOnBitmap" Source="agyn.DrawButtonsOnBitmap\DrawButtonsOnBitmap.xaml.cs" Description="File successfully backed up as G:\Обучение\WPF_Petzold\Projects\GraphicsWorking\agyn.DrawButtonsOnBitmap\Backup\agyn.DrawButtonsOnBitmap\DrawButtonsOnBitmap.xaml.cs">
</Event><Event ErrorLevel="0" Project="agyn.DrawButtonsOnBitmap" Source="agyn.DrawButtonsOnBitmap\Properties\AssemblyInfo.cs" Description="File successfully backed up as G:\Обучение\WPF_Petzold\Projects\GraphicsWorking\agyn.DrawButtonsOnBitmap\Backup\agyn.DrawButtonsOnBitmap\Properties\AssemblyInfo.cs">
</Event><Event ErrorLevel="0" Project="agyn.DrawButtonsOnBitmap" Source="agyn.DrawButtonsOnBitmap\Properties\Resources.Designer.cs" Description="File successfully backed up as G:\Обучение\WPF_Petzold\Projects\GraphicsWorking\agyn.DrawButtonsOnBitmap\Backup\agyn.DrawButtonsOnBitmap\Properties\Resources.Designer.cs">
</Event><Event ErrorLevel="0" Project="agyn.DrawButtonsOnBitmap" Source="agyn.DrawButtonsOnBitmap\Properties\Settings.Designer.cs" Description="File successfully backed up as G:\Обучение\WPF_Petzold\Projects\GraphicsWorking\agyn.DrawButtonsOnBitmap\Backup\agyn.DrawButtonsOnBitmap\Properties\Settings.Designer.cs">
</Event><Event ErrorLevel="0" Project="agyn.DrawButtonsOnBitmap" Source="agyn.DrawButtonsOnBitmap\Properties\Settings.settings" Description="File successfully backed up as G:\Обучение\WPF_Petzold\Projects\GraphicsWorking\agyn.DrawButtonsOnBitmap\Backup\agyn.DrawButtonsOnBitmap\Properties\Settings.settings">
</Event><Event ErrorLevel="0" Project="agyn.DrawButtonsOnBitmap" Source="agyn.DrawButtonsOnBitmap\Properties\Resources.resx" Description="File successfully backed up as G:\Обучение\WPF_Petzold\Projects\GraphicsWorking\agyn.DrawButtonsOnBitmap\Backup\agyn.DrawButtonsOnBitmap\Properties\Resources.resx">
</Event><Event ErrorLevel="0" Project="agyn.DrawButtonsOnBitmap" Source="agyn.DrawButtonsOnBitmap\App.xaml" Description="File successfully backed up as G:\Обучение\WPF_Petzold\Projects\GraphicsWorking\agyn.DrawButtonsOnBitmap\Backup\agyn.DrawButtonsOnBitmap\App.xaml">
</Event><Event ErrorLevel="0" Project="agyn.DrawButtonsOnBitmap" Source="agyn.DrawButtonsOnBitmap\DrawButtonsOnBitmap.xaml" Description="File successfully backed up as G:\Обучение\WPF_Petzold\Projects\GraphicsWorking\agyn.DrawButtonsOnBitmap\Backup\agyn.DrawButtonsOnBitmap\DrawButtonsOnBitmap.xaml">
</Event><Event ErrorLevel="0" Project="agyn.DrawButtonsOnBitmap" Source="agyn.DrawButtonsOnBitmap\agyn.DrawButtonsOnBitmap.csproj" Description="Project converted successfully">
</Event><Event ErrorLevel="3" Project="agyn.DrawButtonsOnBitmap" Source="agyn.DrawButtonsOnBitmap\agyn.DrawButtonsOnBitmap.csproj" Description="Converted">
</Event><Event ErrorLevel="0" Project="" Source="agyn.DrawButtonsOnBitmap.sln" Description="Solution converted successfully">
</Event><Event ErrorLevel="3" Project="" Source="agyn.DrawButtonsOnBitmap.sln" Description="Converted">
</Event><Event ErrorLevel="0" Project="agyn.DrawButtonsOnBitmap" Source="agyn.DrawButtonsOnBitmap\agyn.DrawButtonsOnBitmap.csproj" Description="Scan complete: Upgrade not required for project files.">
</Event></UpgradeLog>