<?xml version="1.0" encoding="UTF-8"?><?xml-stylesheet type='text/xsl' href='_UpgradeReport_Files/UpgradeReport.xslt'?><UpgradeLog>
<Properties><Property Name="Solution" Value="agyn.DrawCircles">
</Property><Property Name="Solution File" Value="G:\Обучение\WPF_Petzold\Projects\RoutedInputEvents\agyn.DrawCircles\agyn.DrawCircles.sln">
</Property><Property Name="User Options File" Value="G:\Обучение\WPF_Petzold\Projects\RoutedInputEvents\agyn.DrawCircles\agyn.DrawCircles.suo">
</Property><Property Name="Date" Value="5 наурыз 2012 ж.">
</Property><Property Name="Time" Value="17:06">
</Property></Properties><Event ErrorLevel="0" Project="" Source="agyn.DrawCircles.sln" Description="File successfully backed up as G:\Обучение\WPF_Petzold\Projects\RoutedInputEvents\agyn.DrawCircles\Backup\agyn.DrawCircles.sln">
</Event><Event ErrorLevel="0" Project="" Source="agyn.DrawCircles.suo" Description="File successfully backed up as G:\Обучение\WPF_Petzold\Projects\RoutedInputEvents\agyn.DrawCircles\Backup\agyn.DrawCircles.suo">
</Event><Event ErrorLevel="0" Project="agyn.DrawCircles" Source="agyn.DrawCircles\agyn.DrawCircles.csproj" Description="Project file successfully backed up as G:\Обучение\WPF_Petzold\Projects\RoutedInputEvents\agyn.DrawCircles\Backup\agyn.DrawCircles\agyn.DrawCircles.csproj">
</Event><Event ErrorLevel="0" Project="agyn.DrawCircles" Source="agyn.DrawCircles\App.xaml.cs" Description="File successfully backed up as G:\Обучение\WPF_Petzold\Projects\RoutedInputEvents\agyn.DrawCircles\Backup\agyn.DrawCircles\App.xaml.cs">
</Event><Event ErrorLevel="0" Project="agyn.DrawCircles" Source="agyn.DrawCircles\Window1.xaml.cs" Description="File successfully backed up as G:\Обучение\WPF_Petzold\Projects\RoutedInputEvents\agyn.DrawCircles\Backup\agyn.DrawCircles\Window1.xaml.cs">
</Event><Event ErrorLevel="0" Project="agyn.DrawCircles" Source="agyn.DrawCircles\CanvasClone.cs" Description="File successfully backed up as G:\Обучение\WPF_Petzold\Projects\RoutedInputEvents\agyn.DrawCircles\Backup\agyn.DrawCircles\CanvasClone.cs">
</Event><Event ErrorLevel="0" Project="agyn.DrawCircles" Source="agyn.DrawCircles\Properties\AssemblyInfo.cs" Description="File successfully backed up as G:\Обучение\WPF_Petzold\Projects\RoutedInputEvents\agyn.DrawCircles\Backup\agyn.DrawCircles\Properties\AssemblyInfo.cs">
</Event><Event ErrorLevel="0" Project="agyn.DrawCircles" Source="agyn.DrawCircles\Properties\Resources.Designer.cs" Description="File successfully backed up as G:\Обучение\WPF_Petzold\Projects\RoutedInputEvents\agyn.DrawCircles\Backup\agyn.DrawCircles\Properties\Resources.Designer.cs">
</Event><Event ErrorLevel="0" Project="agyn.DrawCircles" Source="agyn.DrawCircles\Properties\Settings.Designer.cs" Description="File successfully backed up as G:\Обучение\WPF_Petzold\Projects\RoutedInputEvents\agyn.DrawCircles\Backup\agyn.DrawCircles\Properties\Settings.Designer.cs">
</Event><Event ErrorLevel="0" Project="agyn.DrawCircles" Source="agyn.DrawCircles\Properties\Settings.settings" Description="File successfully backed up as G:\Обучение\WPF_Petzold\Projects\RoutedInputEvents\agyn.DrawCircles\Backup\agyn.DrawCircles\Properties\Settings.settings">
</Event><Event ErrorLevel="0" Project="agyn.DrawCircles" Source="agyn.DrawCircles\Properties\Resources.resx" Description="File successfully backed up as G:\Обучение\WPF_Petzold\Projects\RoutedInputEvents\agyn.DrawCircles\Backup\agyn.DrawCircles\Properties\Resources.resx">
</Event><Event ErrorLevel="0" Project="agyn.DrawCircles" Source="agyn.DrawCircles\App.xaml" Description="File successfully backed up as G:\Обучение\WPF_Petzold\Projects\RoutedInputEvents\agyn.DrawCircles\Backup\agyn.DrawCircles\App.xaml">
</Event><Event ErrorLevel="0" Project="agyn.DrawCircles" Source="agyn.DrawCircles\Window1.xaml" Description="File successfully backed up as G:\Обучение\WPF_Petzold\Projects\RoutedInputEvents\agyn.DrawCircles\Backup\agyn.DrawCircles\Window1.xaml">
</Event><Event ErrorLevel="0" Project="agyn.DrawCircles" Source="agyn.DrawCircles\agyn.DrawCircles.csproj" Description="Project converted successfully">
</Event><Event ErrorLevel="3" Project="agyn.DrawCircles" Source="agyn.DrawCircles\agyn.DrawCircles.csproj" Description="Converted">
</Event><Event ErrorLevel="0" Project="" Source="agyn.DrawCircles.sln" Description="Solution converted successfully">
</Event><Event ErrorLevel="3" Project="" Source="agyn.DrawCircles.sln" Description="Converted">
</Event><Event ErrorLevel="0" Project="agyn.DrawCircles" Source="agyn.DrawCircles\agyn.DrawCircles.csproj" Description="Scan complete: Upgrade not required for project files.">
</Event></UpgradeLog>