<?xml version="1.0" encoding="UTF-8"?><?xml-stylesheet type='text/xsl' href='_UpgradeReport_Files/UpgradeReport.xslt'?><UpgradeLog>
<Properties><Property Name="Solution" Value="agyn.AnimatedDrawingBrush">
</Property><Property Name="Solution File" Value="G:\Обучение\WPF_Petzold\Projects\GraphicsWorking\agyn.AnimatedDrawingBrush\agyn.AnimatedDrawingBrush.sln">
</Property><Property Name="Date" Value="27 ақпан 2012 ж.">
</Property><Property Name="Time" Value="16:44">
</Property></Properties><Event ErrorLevel="0" Project="" Source="agyn.AnimatedDrawingBrush.sln" Description="File successfully backed up as G:\Обучение\WPF_Petzold\Projects\GraphicsWorking\agyn.AnimatedDrawingBrush\Backup\agyn.AnimatedDrawingBrush.sln">
</Event><Event ErrorLevel="0" Project="agyn.AnimatedDrawingBrush" Source="agyn.AnimatedDrawingBrush\agyn.AnimatedDrawingBrush.csproj" Description="Project file successfully backed up as G:\Обучение\WPF_Petzold\Projects\GraphicsWorking\agyn.AnimatedDrawingBrush\Backup\agyn.AnimatedDrawingBrush\agyn.AnimatedDrawingBrush.csproj">
</Event><Event ErrorLevel="0" Project="agyn.AnimatedDrawingBrush" Source="agyn.AnimatedDrawingBrush\App.xaml.cs" Description="File successfully backed up as G:\Обучение\WPF_Petzold\Projects\GraphicsWorking\agyn.AnimatedDrawingBrush\Backup\agyn.AnimatedDrawingBrush\App.xaml.cs">
</Event><Event ErrorLevel="0" Project="agyn.AnimatedDrawingBrush" Source="agyn.AnimatedDrawingBrush\AnimatedDrawingBrush.xaml.cs" Description="File successfully backed up as G:\Обучение\WPF_Petzold\Projects\GraphicsWorking\agyn.AnimatedDrawingBrush\Backup\agyn.AnimatedDrawingBrush\AnimatedDrawingBrush.xaml.cs">
</Event><Event ErrorLevel="0" Project="agyn.AnimatedDrawingBrush" Source="agyn.AnimatedDrawingBrush\Properties\AssemblyInfo.cs" Description="File successfully backed up as G:\Обучение\WPF_Petzold\Projects\GraphicsWorking\agyn.AnimatedDrawingBrush\Backup\agyn.AnimatedDrawingBrush\Properties\AssemblyInfo.cs">
</Event><Event ErrorLevel="0" Project="agyn.AnimatedDrawingBrush" Source="agyn.AnimatedDrawingBrush\Properties\Resources.Designer.cs" Description="File successfully backed up as G:\Обучение\WPF_Petzold\Projects\GraphicsWorking\agyn.AnimatedDrawingBrush\Backup\agyn.AnimatedDrawingBrush\Properties\Resources.Designer.cs">
</Event><Event ErrorLevel="0" Project="agyn.AnimatedDrawingBrush" Source="agyn.AnimatedDrawingBrush\Properties\Settings.Designer.cs" Description="File successfully backed up as G:\Обучение\WPF_Petzold\Projects\GraphicsWorking\agyn.AnimatedDrawingBrush\Backup\agyn.AnimatedDrawingBrush\Properties\Settings.Designer.cs">
</Event><Event ErrorLevel="0" Project="agyn.AnimatedDrawingBrush" Source="agyn.AnimatedDrawingBrush\Properties\Settings.settings" Description="File successfully backed up as G:\Обучение\WPF_Petzold\Projects\GraphicsWorking\agyn.AnimatedDrawingBrush\Backup\agyn.AnimatedDrawingBrush\Properties\Settings.settings">
</Event><Event ErrorLevel="0" Project="agyn.AnimatedDrawingBrush" Source="agyn.AnimatedDrawingBrush\Properties\Resources.resx" Description="File successfully backed up as G:\Обучение\WPF_Petzold\Projects\GraphicsWorking\agyn.AnimatedDrawingBrush\Backup\agyn.AnimatedDrawingBrush\Properties\Resources.resx">
</Event><Event ErrorLevel="0" Project="agyn.AnimatedDrawingBrush" Source="agyn.AnimatedDrawingBrush\App.xaml" Description="File successfully backed up as G:\Обучение\WPF_Petzold\Projects\GraphicsWorking\agyn.AnimatedDrawingBrush\Backup\agyn.AnimatedDrawingBrush\App.xaml">
</Event><Event ErrorLevel="0" Project="agyn.AnimatedDrawingBrush" Source="agyn.AnimatedDrawingBrush\AnimatedDrawingBrush.xaml" Description="File successfully backed up as G:\Обучение\WPF_Petzold\Projects\GraphicsWorking\agyn.AnimatedDrawingBrush\Backup\agyn.AnimatedDrawingBrush\AnimatedDrawingBrush.xaml">
</Event><Event ErrorLevel="0" Project="agyn.AnimatedDrawingBrush" Source="agyn.AnimatedDrawingBrush\agyn.AnimatedDrawingBrush.csproj" Description="Project converted successfully">
</Event><Event ErrorLevel="3" Project="agyn.AnimatedDrawingBrush" Source="agyn.AnimatedDrawingBrush\agyn.AnimatedDrawingBrush.csproj" Description="Converted">
</Event><Event ErrorLevel="0" Project="" Source="agyn.AnimatedDrawingBrush.sln" Description="Solution converted successfully">
</Event><Event ErrorLevel="3" Project="" Source="agyn.AnimatedDrawingBrush.sln" Description="Converted">
</Event><Event ErrorLevel="0" Project="agyn.AnimatedDrawingBrush" Source="agyn.AnimatedDrawingBrush\agyn.AnimatedDrawingBrush.csproj" Description="Scan complete: Upgrade not required for project files.">
</Event></UpgradeLog>