<?xml version="1.0" encoding="UTF-8"?><?xml-stylesheet type='text/xsl' href='_UpgradeReport_Files/UpgradeReport.xslt'?><UpgradeLog>
<Properties><Property Name="Solution" Value="agyn.HybridClock">
</Property><Property Name="Solution File" Value="G:\Обучение\WPF_Petzold\Projects\GraphicsWorking\agyn.HybridClock\agyn.HybridClock.sln">
</Property><Property Name="Date" Value="27 ақпан 2012 ж.">
</Property><Property Name="Time" Value="16:40">
</Property></Properties><Event ErrorLevel="0" Project="" Source="agyn.HybridClock.sln" Description="File successfully backed up as G:\Обучение\WPF_Petzold\Projects\GraphicsWorking\agyn.HybridClock\Backup\agyn.HybridClock.sln">
</Event><Event ErrorLevel="0" Project="agyn.HybridClock" Source="agyn.HybridClock\agyn.HybridClock.csproj" Description="Project file successfully backed up as G:\Обучение\WPF_Petzold\Projects\GraphicsWorking\agyn.HybridClock\Backup\agyn.HybridClock\agyn.HybridClock.csproj">
</Event><Event ErrorLevel="0" Project="agyn.HybridClock" Source="agyn.HybridClock\App.xaml.cs" Description="File successfully backed up as G:\Обучение\WPF_Petzold\Projects\GraphicsWorking\agyn.HybridClock\Backup\agyn.HybridClock\App.xaml.cs">
</Event><Event ErrorLevel="0" Project="agyn.HybridClock" Source="agyn.HybridClock\HybridClockPage.xaml.cs" Description="File successfully backed up as G:\Обучение\WPF_Petzold\Projects\GraphicsWorking\agyn.HybridClock\Backup\agyn.HybridClock\HybridClockPage.xaml.cs">
</Event><Event ErrorLevel="0" Project="agyn.HybridClock" Source="agyn.HybridClock\ClockTicker.cs" Description="File successfully backed up as G:\Обучение\WPF_Petzold\Projects\GraphicsWorking\agyn.HybridClock\Backup\agyn.HybridClock\ClockTicker.cs">
</Event><Event ErrorLevel="0" Project="agyn.HybridClock" Source="agyn.HybridClock\Properties\AssemblyInfo.cs" Description="File successfully backed up as G:\Обучение\WPF_Petzold\Projects\GraphicsWorking\agyn.HybridClock\Backup\agyn.HybridClock\Properties\AssemblyInfo.cs">
</Event><Event ErrorLevel="0" Project="agyn.HybridClock" Source="agyn.HybridClock\Properties\Resources.Designer.cs" Description="File successfully backed up as G:\Обучение\WPF_Petzold\Projects\GraphicsWorking\agyn.HybridClock\Backup\agyn.HybridClock\Properties\Resources.Designer.cs">
</Event><Event ErrorLevel="0" Project="agyn.HybridClock" Source="agyn.HybridClock\Properties\Settings.Designer.cs" Description="File successfully backed up as G:\Обучение\WPF_Petzold\Projects\GraphicsWorking\agyn.HybridClock\Backup\agyn.HybridClock\Properties\Settings.Designer.cs">
</Event><Event ErrorLevel="0" Project="agyn.HybridClock" Source="agyn.HybridClock\Properties\Settings.settings" Description="File successfully backed up as G:\Обучение\WPF_Petzold\Projects\GraphicsWorking\agyn.HybridClock\Backup\agyn.HybridClock\Properties\Settings.settings">
</Event><Event ErrorLevel="0" Project="agyn.HybridClock" Source="agyn.HybridClock\Properties\Resources.resx" Description="File successfully backed up as G:\Обучение\WPF_Petzold\Projects\GraphicsWorking\agyn.HybridClock\Backup\agyn.HybridClock\Properties\Resources.resx">
</Event><Event ErrorLevel="0" Project="agyn.HybridClock" Source="agyn.HybridClock\App.xaml" Description="File successfully backed up as G:\Обучение\WPF_Petzold\Projects\GraphicsWorking\agyn.HybridClock\Backup\agyn.HybridClock\App.xaml">
</Event><Event ErrorLevel="0" Project="agyn.HybridClock" Source="agyn.HybridClock\HybridClockPage.xaml" Description="File successfully backed up as G:\Обучение\WPF_Petzold\Projects\GraphicsWorking\agyn.HybridClock\Backup\agyn.HybridClock\HybridClockPage.xaml">
</Event><Event ErrorLevel="0" Project="agyn.HybridClock" Source="agyn.HybridClock\agyn.HybridClock.csproj" Description="Project converted successfully">
</Event><Event ErrorLevel="3" Project="agyn.HybridClock" Source="agyn.HybridClock\agyn.HybridClock.csproj" Description="Converted">
</Event><Event ErrorLevel="0" Project="" Source="agyn.HybridClock.sln" Description="Solution converted successfully">
</Event><Event ErrorLevel="3" Project="" Source="agyn.HybridClock.sln" Description="Converted">
</Event><Event ErrorLevel="0" Project="agyn.HybridClock" Source="agyn.HybridClock\agyn.HybridClock.csproj" Description="Scan complete: Upgrade not required for project files.">
</Event></UpgradeLog>