<?xml version="1.0" encoding="UTF-8"?><?xml-stylesheet type='text/xsl' href='_UpgradeReport_Files/UpgradeReport.xslt'?><UpgradeLog>
<Properties><Property Name="Solution" Value="agyn.ScrollCustomColors">
</Property><Property Name="Solution File" Value="G:\Обучение\WPF_Petzold\Projects\Dock&amp;Grid\agyn.ScrollCustomColors\agyn.ScrollCustomColors.sln">
</Property><Property Name="User Options File" Value="G:\Обучение\WPF_Petzold\Projects\Dock&amp;Grid\agyn.ScrollCustomColors\agyn.ScrollCustomColors.suo">
</Property><Property Name="Date" Value="5 наурыз 2012 ж.">
</Property><Property Name="Time" Value="14:00">
</Property></Properties><Event ErrorLevel="0" Project="" Source="agyn.ScrollCustomColors.sln" Description="File successfully backed up as G:\Обучение\WPF_Petzold\Projects\Dock&amp;Grid\agyn.ScrollCustomColors\Backup\agyn.ScrollCustomColors.sln">
</Event><Event ErrorLevel="0" Project="" Source="agyn.ScrollCustomColors.suo" Description="File successfully backed up as G:\Обучение\WPF_Petzold\Projects\Dock&amp;Grid\agyn.ScrollCustomColors\Backup\agyn.ScrollCustomColors.suo">
</Event><Event ErrorLevel="0" Project="agyn.ScrollCustomColors" Source="agyn.ScrollCustomColors\agyn.ScrollCustomColors.csproj" Description="Project file successfully backed up as G:\Обучение\WPF_Petzold\Projects\Dock&amp;Grid\agyn.ScrollCustomColors\Backup\agyn.ScrollCustomColors\agyn.ScrollCustomColors.csproj">
</Event><Event ErrorLevel="0" Project="agyn.ScrollCustomColors" Source="agyn.ScrollCustomColors\App.xaml.cs" Description="File successfully backed up as G:\Обучение\WPF_Petzold\Projects\Dock&amp;Grid\agyn.ScrollCustomColors\Backup\agyn.ScrollCustomColors\App.xaml.cs">
</Event><Event ErrorLevel="0" Project="agyn.ScrollCustomColors" Source="agyn.ScrollCustomColors\Window1.xaml.cs" Description="File successfully backed up as G:\Обучение\WPF_Petzold\Projects\Dock&amp;Grid\agyn.ScrollCustomColors\Backup\agyn.ScrollCustomColors\Window1.xaml.cs">
</Event><Event ErrorLevel="0" Project="agyn.ScrollCustomColors" Source="agyn.ScrollCustomColors\Properties\AssemblyInfo.cs" Description="File successfully backed up as G:\Обучение\WPF_Petzold\Projects\Dock&amp;Grid\agyn.ScrollCustomColors\Backup\agyn.ScrollCustomColors\Properties\AssemblyInfo.cs">
</Event><Event ErrorLevel="0" Project="agyn.ScrollCustomColors" Source="agyn.ScrollCustomColors\Properties\Resources.Designer.cs" Description="File successfully backed up as G:\Обучение\WPF_Petzold\Projects\Dock&amp;Grid\agyn.ScrollCustomColors\Backup\agyn.ScrollCustomColors\Properties\Resources.Designer.cs">
</Event><Event ErrorLevel="0" Project="agyn.ScrollCustomColors" Source="agyn.ScrollCustomColors\Properties\Settings.Designer.cs" Description="File successfully backed up as G:\Обучение\WPF_Petzold\Projects\Dock&amp;Grid\agyn.ScrollCustomColors\Backup\agyn.ScrollCustomColors\Properties\Settings.Designer.cs">
</Event><Event ErrorLevel="0" Project="agyn.ScrollCustomColors" Source="agyn.ScrollCustomColors\Properties\Settings.settings" Description="File successfully backed up as G:\Обучение\WPF_Petzold\Projects\Dock&amp;Grid\agyn.ScrollCustomColors\Backup\agyn.ScrollCustomColors\Properties\Settings.settings">
</Event><Event ErrorLevel="0" Project="agyn.ScrollCustomColors" Source="agyn.ScrollCustomColors\Properties\Resources.resx" Description="File successfully backed up as G:\Обучение\WPF_Petzold\Projects\Dock&amp;Grid\agyn.ScrollCustomColors\Backup\agyn.ScrollCustomColors\Properties\Resources.resx">
</Event><Event ErrorLevel="0" Project="agyn.ScrollCustomColors" Source="agyn.ScrollCustomColors\App.xaml" Description="File successfully backed up as G:\Обучение\WPF_Petzold\Projects\Dock&amp;Grid\agyn.ScrollCustomColors\Backup\agyn.ScrollCustomColors\App.xaml">
</Event><Event ErrorLevel="0" Project="agyn.ScrollCustomColors" Source="agyn.ScrollCustomColors\Window1.xaml" Description="File successfully backed up as G:\Обучение\WPF_Petzold\Projects\Dock&amp;Grid\agyn.ScrollCustomColors\Backup\agyn.ScrollCustomColors\Window1.xaml">
</Event><Event ErrorLevel="0" Project="agyn.ScrollCustomColors" Source="agyn.ScrollCustomColors\agyn.ScrollCustomColors.csproj" Description="Project converted successfully">
</Event><Event ErrorLevel="3" Project="agyn.ScrollCustomColors" Source="agyn.ScrollCustomColors\agyn.ScrollCustomColors.csproj" Description="Converted">
</Event><Event ErrorLevel="0" Project="" Source="agyn.ScrollCustomColors.sln" Description="Solution converted successfully">
</Event><Event ErrorLevel="3" Project="" Source="agyn.ScrollCustomColors.sln" Description="Converted">
</Event><Event ErrorLevel="0" Project="agyn.ScrollCustomColors" Source="agyn.ScrollCustomColors\agyn.ScrollCustomColors.csproj" Description="Scan complete: Upgrade not required for project files.">
</Event></UpgradeLog>