<?xml version="1.0" encoding="UTF-8"?><?xml-stylesheet type='text/xsl' href='_UpgradeReport_Files/UpgradeReport.xslt'?><UpgradeLog>
<Properties><Property Name="Solution" Value="agyn.CalculateYourLife">
</Property><Property Name="Solution File" Value="G:\Обучение\WPF_Petzold\Projects\Dock&amp;Grid\agyn.CalculateYourLife\agyn.CalculateYourLife.sln">
</Property><Property Name="User Options File" Value="G:\Обучение\WPF_Petzold\Projects\Dock&amp;Grid\agyn.CalculateYourLife\agyn.CalculateYourLife.suo">
</Property><Property Name="Date" Value="11 наурыз 2012 ж.">
</Property><Property Name="Time" Value="11:50">
</Property></Properties><Event ErrorLevel="0" Project="" Source="agyn.CalculateYourLife.sln" Description="File successfully backed up as G:\Обучение\WPF_Petzold\Projects\Dock&amp;Grid\agyn.CalculateYourLife\Backup\agyn.CalculateYourLife.sln">
</Event><Event ErrorLevel="0" Project="" Source="agyn.CalculateYourLife.suo" Description="File successfully backed up as G:\Обучение\WPF_Petzold\Projects\Dock&amp;Grid\agyn.CalculateYourLife\Backup\agyn.CalculateYourLife.suo">
</Event><Event ErrorLevel="0" Project="agyn.CalculateYourLife" Source="agyn.CalculateYourLife\agyn.CalculateYourLife.csproj" Description="Project file successfully backed up as G:\Обучение\WPF_Petzold\Projects\Dock&amp;Grid\agyn.CalculateYourLife\Backup\agyn.CalculateYourLife\agyn.CalculateYourLife.csproj">
</Event><Event ErrorLevel="0" Project="agyn.CalculateYourLife" Source="agyn.CalculateYourLife\App.xaml.cs" Description="File successfully backed up as G:\Обучение\WPF_Petzold\Projects\Dock&amp;Grid\agyn.CalculateYourLife\Backup\agyn.CalculateYourLife\App.xaml.cs">
</Event><Event ErrorLevel="0" Project="agyn.CalculateYourLife" Source="agyn.CalculateYourLife\Window1.xaml.cs" Description="File successfully backed up as G:\Обучение\WPF_Petzold\Projects\Dock&amp;Grid\agyn.CalculateYourLife\Backup\agyn.CalculateYourLife\Window1.xaml.cs">
</Event><Event ErrorLevel="0" Project="agyn.CalculateYourLife" Source="agyn.CalculateYourLife\Properties\AssemblyInfo.cs" Description="File successfully backed up as G:\Обучение\WPF_Petzold\Projects\Dock&amp;Grid\agyn.CalculateYourLife\Backup\agyn.CalculateYourLife\Properties\AssemblyInfo.cs">
</Event><Event ErrorLevel="0" Project="agyn.CalculateYourLife" Source="agyn.CalculateYourLife\Properties\Resources.Designer.cs" Description="File successfully backed up as G:\Обучение\WPF_Petzold\Projects\Dock&amp;Grid\agyn.CalculateYourLife\Backup\agyn.CalculateYourLife\Properties\Resources.Designer.cs">
</Event><Event ErrorLevel="0" Project="agyn.CalculateYourLife" Source="agyn.CalculateYourLife\Properties\Settings.Designer.cs" Description="File successfully backed up as G:\Обучение\WPF_Petzold\Projects\Dock&amp;Grid\agyn.CalculateYourLife\Backup\agyn.CalculateYourLife\Properties\Settings.Designer.cs">
</Event><Event ErrorLevel="0" Project="agyn.CalculateYourLife" Source="agyn.CalculateYourLife\Properties\Settings.settings" Description="File successfully backed up as G:\Обучение\WPF_Petzold\Projects\Dock&amp;Grid\agyn.CalculateYourLife\Backup\agyn.CalculateYourLife\Properties\Settings.settings">
</Event><Event ErrorLevel="0" Project="agyn.CalculateYourLife" Source="agyn.CalculateYourLife\Properties\Resources.resx" Description="File successfully backed up as G:\Обучение\WPF_Petzold\Projects\Dock&amp;Grid\agyn.CalculateYourLife\Backup\agyn.CalculateYourLife\Properties\Resources.resx">
</Event><Event ErrorLevel="0" Project="agyn.CalculateYourLife" Source="agyn.CalculateYourLife\App.xaml" Description="File successfully backed up as G:\Обучение\WPF_Petzold\Projects\Dock&amp;Grid\agyn.CalculateYourLife\Backup\agyn.CalculateYourLife\App.xaml">
</Event><Event ErrorLevel="0" Project="agyn.CalculateYourLife" Source="agyn.CalculateYourLife\Window1.xaml" Description="File successfully backed up as G:\Обучение\WPF_Petzold\Projects\Dock&amp;Grid\agyn.CalculateYourLife\Backup\agyn.CalculateYourLife\Window1.xaml">
</Event><Event ErrorLevel="0" Project="agyn.CalculateYourLife" Source="agyn.CalculateYourLife\agyn.CalculateYourLife.csproj" Description="Project converted successfully">
</Event><Event ErrorLevel="3" Project="agyn.CalculateYourLife" Source="agyn.CalculateYourLife\agyn.CalculateYourLife.csproj" Description="Converted">
</Event><Event ErrorLevel="0" Project="" Source="agyn.CalculateYourLife.sln" Description="Solution converted successfully">
</Event><Event ErrorLevel="3" Project="" Source="agyn.CalculateYourLife.sln" Description="Converted">
</Event><Event ErrorLevel="0" Project="agyn.CalculateYourLife" Source="agyn.CalculateYourLife\agyn.CalculateYourLife.csproj" Description="Scan complete: Upgrade not required for project files.">
</Event></UpgradeLog>