<?xml version="1.0" encoding="UTF-8"?><?xml-stylesheet type='text/xsl' href='_UpgradeReport_Files/UpgradeReport.xslt'?><UpgradeLog>
<Properties><Property Name="Solution" Value="agyn.EnterTheGrid">
</Property><Property Name="Solution File" Value="G:\Обучение\WPF_Petzold\Projects\Dock&amp;Grid\agyn.EnterTheGrid\agyn.EnterTheGrid.sln">
</Property><Property Name="User Options File" Value="G:\Обучение\WPF_Petzold\Projects\Dock&amp;Grid\agyn.EnterTheGrid\agyn.EnterTheGrid.suo">
</Property><Property Name="Date" Value="11 наурыз 2012 ж.">
</Property><Property Name="Time" Value="14:18">
</Property></Properties><Event ErrorLevel="0" Project="" Source="agyn.EnterTheGrid.sln" Description="File successfully backed up as G:\Обучение\WPF_Petzold\Projects\Dock&amp;Grid\agyn.EnterTheGrid\Backup\agyn.EnterTheGrid.sln">
</Event><Event ErrorLevel="0" Project="" Source="agyn.EnterTheGrid.suo" Description="File successfully backed up as G:\Обучение\WPF_Petzold\Projects\Dock&amp;Grid\agyn.EnterTheGrid\Backup\agyn.EnterTheGrid.suo">
</Event><Event ErrorLevel="0" Project="agyn.EnterTheGrid" Source="agyn.EnterTheGrid\agyn.EnterTheGrid.csproj" Description="Project file successfully backed up as G:\Обучение\WPF_Petzold\Projects\Dock&amp;Grid\agyn.EnterTheGrid\Backup\agyn.EnterTheGrid\agyn.EnterTheGrid.csproj">
</Event><Event ErrorLevel="0" Project="agyn.EnterTheGrid" Source="agyn.EnterTheGrid\App.xaml.cs" Description="File successfully backed up as G:\Обучение\WPF_Petzold\Projects\Dock&amp;Grid\agyn.EnterTheGrid\Backup\agyn.EnterTheGrid\App.xaml.cs">
</Event><Event ErrorLevel="0" Project="agyn.EnterTheGrid" Source="agyn.EnterTheGrid\Window1.xaml.cs" Description="File successfully backed up as G:\Обучение\WPF_Petzold\Projects\Dock&amp;Grid\agyn.EnterTheGrid\Backup\agyn.EnterTheGrid\Window1.xaml.cs">
</Event><Event ErrorLevel="0" Project="agyn.EnterTheGrid" Source="agyn.EnterTheGrid\Properties\AssemblyInfo.cs" Description="File successfully backed up as G:\Обучение\WPF_Petzold\Projects\Dock&amp;Grid\agyn.EnterTheGrid\Backup\agyn.EnterTheGrid\Properties\AssemblyInfo.cs">
</Event><Event ErrorLevel="0" Project="agyn.EnterTheGrid" Source="agyn.EnterTheGrid\Properties\Resources.Designer.cs" Description="File successfully backed up as G:\Обучение\WPF_Petzold\Projects\Dock&amp;Grid\agyn.EnterTheGrid\Backup\agyn.EnterTheGrid\Properties\Resources.Designer.cs">
</Event><Event ErrorLevel="0" Project="agyn.EnterTheGrid" Source="agyn.EnterTheGrid\Properties\Settings.Designer.cs" Description="File successfully backed up as G:\Обучение\WPF_Petzold\Projects\Dock&amp;Grid\agyn.EnterTheGrid\Backup\agyn.EnterTheGrid\Properties\Settings.Designer.cs">
</Event><Event ErrorLevel="0" Project="agyn.EnterTheGrid" Source="agyn.EnterTheGrid\Properties\Settings.settings" Description="File successfully backed up as G:\Обучение\WPF_Petzold\Projects\Dock&amp;Grid\agyn.EnterTheGrid\Backup\agyn.EnterTheGrid\Properties\Settings.settings">
</Event><Event ErrorLevel="0" Project="agyn.EnterTheGrid" Source="agyn.EnterTheGrid\Properties\Resources.resx" Description="File successfully backed up as G:\Обучение\WPF_Petzold\Projects\Dock&amp;Grid\agyn.EnterTheGrid\Backup\agyn.EnterTheGrid\Properties\Resources.resx">
</Event><Event ErrorLevel="0" Project="agyn.EnterTheGrid" Source="agyn.EnterTheGrid\App.xaml" Description="File successfully backed up as G:\Обучение\WPF_Petzold\Projects\Dock&amp;Grid\agyn.EnterTheGrid\Backup\agyn.EnterTheGrid\App.xaml">
</Event><Event ErrorLevel="0" Project="agyn.EnterTheGrid" Source="agyn.EnterTheGrid\Window1.xaml" Description="File successfully backed up as G:\Обучение\WPF_Petzold\Projects\Dock&amp;Grid\agyn.EnterTheGrid\Backup\agyn.EnterTheGrid\Window1.xaml">
</Event><Event ErrorLevel="0" Project="agyn.EnterTheGrid" Source="agyn.EnterTheGrid\agyn.EnterTheGrid.csproj" Description="Project converted successfully">
</Event><Event ErrorLevel="3" Project="agyn.EnterTheGrid" Source="agyn.EnterTheGrid\agyn.EnterTheGrid.csproj" Description="Converted">
</Event><Event ErrorLevel="0" Project="" Source="agyn.EnterTheGrid.sln" Description="Solution converted successfully">
</Event><Event ErrorLevel="3" Project="" Source="agyn.EnterTheGrid.sln" Description="Converted">
</Event><Event ErrorLevel="0" Project="agyn.EnterTheGrid" Source="agyn.EnterTheGrid\agyn.EnterTheGrid.csproj" Description="Scan complete: Upgrade not required for project files.">
</Event></UpgradeLog>