<?xml version="1.0" encoding="UTF-8"?><?xml-stylesheet type='text/xsl' href='_UpgradeReport_Files/UpgradeReport.xslt'?><UpgradeLog>
<Properties><Property Name="Solution" Value="agyn.ImageTheButton">
</Property><Property Name="Solution File" Value="G:\Обучение\WPF_Petzold\Projects\Buttons&amp;OtherControlElements\agyn.ImageTheButton\agyn.ImageTheButton.sln">
</Property><Property Name="Date" Value="2 наурыз 2012 ж.">
</Property><Property Name="Time" Value="15:39">
</Property></Properties><Event ErrorLevel="0" Project="" Source="agyn.ImageTheButton.sln" Description="File successfully backed up as G:\Обучение\WPF_Petzold\Projects\Buttons&amp;OtherControlElements\agyn.ImageTheButton\Backup\agyn.ImageTheButton.sln">
</Event><Event ErrorLevel="0" Project="agyn.ImageTheButton" Source="agyn.ImageTheButton\agyn.ImageTheButton.csproj" Description="Project file successfully backed up as G:\Обучение\WPF_Petzold\Projects\Buttons&amp;OtherControlElements\agyn.ImageTheButton\Backup\agyn.ImageTheButton\agyn.ImageTheButton.csproj">
</Event><Event ErrorLevel="0" Project="agyn.ImageTheButton" Source="agyn.ImageTheButton\agyn.ImageTheButton.csproj.user" Description="Project user file successfully backed up as G:\Обучение\WPF_Petzold\Projects\Buttons&amp;OtherControlElements\agyn.ImageTheButton\Backup\agyn.ImageTheButton\agyn.ImageTheButton.csproj.user">
</Event><Event ErrorLevel="0" Project="agyn.ImageTheButton" Source="agyn.ImageTheButton\App.xaml.cs" Description="File successfully backed up as G:\Обучение\WPF_Petzold\Projects\Buttons&amp;OtherControlElements\agyn.ImageTheButton\Backup\agyn.ImageTheButton\App.xaml.cs">
</Event><Event ErrorLevel="0" Project="agyn.ImageTheButton" Source="agyn.ImageTheButton\ImageTheButton.xaml.cs" Description="File successfully backed up as G:\Обучение\WPF_Petzold\Projects\Buttons&amp;OtherControlElements\agyn.ImageTheButton\Backup\agyn.ImageTheButton\ImageTheButton.xaml.cs">
</Event><Event ErrorLevel="0" Project="agyn.ImageTheButton" Source="agyn.ImageTheButton\Properties\AssemblyInfo.cs" Description="File successfully backed up as G:\Обучение\WPF_Petzold\Projects\Buttons&amp;OtherControlElements\agyn.ImageTheButton\Backup\agyn.ImageTheButton\Properties\AssemblyInfo.cs">
</Event><Event ErrorLevel="0" Project="agyn.ImageTheButton" Source="agyn.ImageTheButton\Properties\Settings.Designer.cs" Description="File successfully backed up as G:\Обучение\WPF_Petzold\Projects\Buttons&amp;OtherControlElements\agyn.ImageTheButton\Backup\agyn.ImageTheButton\Properties\Settings.Designer.cs">
</Event><Event ErrorLevel="0" Project="agyn.ImageTheButton" Source="agyn.ImageTheButton\Properties\Settings.settings" Description="File successfully backed up as G:\Обучение\WPF_Petzold\Projects\Buttons&amp;OtherControlElements\agyn.ImageTheButton\Backup\agyn.ImageTheButton\Properties\Settings.settings">
</Event><Event ErrorLevel="0" Project="agyn.ImageTheButton" Source="agyn.ImageTheButton\App.xaml" Description="File successfully backed up as G:\Обучение\WPF_Petzold\Projects\Buttons&amp;OtherControlElements\agyn.ImageTheButton\Backup\agyn.ImageTheButton\App.xaml">
</Event><Event ErrorLevel="0" Project="agyn.ImageTheButton" Source="agyn.ImageTheButton\ImageTheButton.xaml" Description="File successfully backed up as G:\Обучение\WPF_Petzold\Projects\Buttons&amp;OtherControlElements\agyn.ImageTheButton\Backup\agyn.ImageTheButton\ImageTheButton.xaml">
</Event><Event ErrorLevel="0" Project="agyn.ImageTheButton" Source="agyn.ImageTheButton\agyn.ImageTheButton.csproj" Description="Project converted successfully">
</Event><Event ErrorLevel="3" Project="agyn.ImageTheButton" Source="agyn.ImageTheButton\agyn.ImageTheButton.csproj" Description="Converted">
</Event><Event ErrorLevel="0" Project="" Source="agyn.ImageTheButton.sln" Description="Solution converted successfully">
</Event><Event ErrorLevel="3" Project="" Source="agyn.ImageTheButton.sln" Description="Converted">
</Event><Event ErrorLevel="0" Project="agyn.ImageTheButton" Source="agyn.ImageTheButton\agyn.ImageTheButton.csproj" Description="Scan complete: Upgrade not required for project files.">
</Event></UpgradeLog>