<?xml version="1.0" encoding="UTF-8"?><?xml-stylesheet type='text/xsl' href='_UpgradeReport_Files/UpgradeReport.xslt'?><UpgradeLog>
<Properties><Property Name="Solution" Value="agyn.CreateIndexedBitmap">
</Property><Property Name="Solution File" Value="G:\Обучение\WPF_Petzold\Projects\GraphicsWorking\agyn.CreateIndexedBitmap\agyn.CreateIndexedBitmap.sln">
</Property><Property Name="Date" Value="27 ақпан 2012 ж.">
</Property><Property Name="Time" Value="16:37">
</Property></Properties><Event ErrorLevel="0" Project="" Source="agyn.CreateIndexedBitmap.sln" Description="File successfully backed up as G:\Обучение\WPF_Petzold\Projects\GraphicsWorking\agyn.CreateIndexedBitmap\Backup\agyn.CreateIndexedBitmap.sln">
</Event><Event ErrorLevel="0" Project="agyn.CreateIndexedBitmap" Source="agyn.CreateIndexedBitmap\agyn.CreateIndexedBitmap.csproj" Description="Project file successfully backed up as G:\Обучение\WPF_Petzold\Projects\GraphicsWorking\agyn.CreateIndexedBitmap\Backup\agyn.CreateIndexedBitmap\agyn.CreateIndexedBitmap.csproj">
</Event><Event ErrorLevel="0" Project="agyn.CreateIndexedBitmap" Source="agyn.CreateIndexedBitmap\App.xaml.cs" Description="File successfully backed up as G:\Обучение\WPF_Petzold\Projects\GraphicsWorking\agyn.CreateIndexedBitmap\Backup\agyn.CreateIndexedBitmap\App.xaml.cs">
</Event><Event ErrorLevel="0" Project="agyn.CreateIndexedBitmap" Source="agyn.CreateIndexedBitmap\CreateIndexedBitmap.xaml.cs" Description="File successfully backed up as G:\Обучение\WPF_Petzold\Projects\GraphicsWorking\agyn.CreateIndexedBitmap\Backup\agyn.CreateIndexedBitmap\CreateIndexedBitmap.xaml.cs">
</Event><Event ErrorLevel="0" Project="agyn.CreateIndexedBitmap" Source="agyn.CreateIndexedBitmap\Properties\AssemblyInfo.cs" Description="File successfully backed up as G:\Обучение\WPF_Petzold\Projects\GraphicsWorking\agyn.CreateIndexedBitmap\Backup\agyn.CreateIndexedBitmap\Properties\AssemblyInfo.cs">
</Event><Event ErrorLevel="0" Project="agyn.CreateIndexedBitmap" Source="agyn.CreateIndexedBitmap\Properties\Resources.Designer.cs" Description="File successfully backed up as G:\Обучение\WPF_Petzold\Projects\GraphicsWorking\agyn.CreateIndexedBitmap\Backup\agyn.CreateIndexedBitmap\Properties\Resources.Designer.cs">
</Event><Event ErrorLevel="0" Project="agyn.CreateIndexedBitmap" Source="agyn.CreateIndexedBitmap\Properties\Settings.Designer.cs" Description="File successfully backed up as G:\Обучение\WPF_Petzold\Projects\GraphicsWorking\agyn.CreateIndexedBitmap\Backup\agyn.CreateIndexedBitmap\Properties\Settings.Designer.cs">
</Event><Event ErrorLevel="0" Project="agyn.CreateIndexedBitmap" Source="agyn.CreateIndexedBitmap\Properties\Settings.settings" Description="File successfully backed up as G:\Обучение\WPF_Petzold\Projects\GraphicsWorking\agyn.CreateIndexedBitmap\Backup\agyn.CreateIndexedBitmap\Properties\Settings.settings">
</Event><Event ErrorLevel="0" Project="agyn.CreateIndexedBitmap" Source="agyn.CreateIndexedBitmap\Properties\Resources.resx" Description="File successfully backed up as G:\Обучение\WPF_Petzold\Projects\GraphicsWorking\agyn.CreateIndexedBitmap\Backup\agyn.CreateIndexedBitmap\Properties\Resources.resx">
</Event><Event ErrorLevel="0" Project="agyn.CreateIndexedBitmap" Source="agyn.CreateIndexedBitmap\App.xaml" Description="File successfully backed up as G:\Обучение\WPF_Petzold\Projects\GraphicsWorking\agyn.CreateIndexedBitmap\Backup\agyn.CreateIndexedBitmap\App.xaml">
</Event><Event ErrorLevel="0" Project="agyn.CreateIndexedBitmap" Source="agyn.CreateIndexedBitmap\CreateIndexedBitmap.xaml" Description="File successfully backed up as G:\Обучение\WPF_Petzold\Projects\GraphicsWorking\agyn.CreateIndexedBitmap\Backup\agyn.CreateIndexedBitmap\CreateIndexedBitmap.xaml">
</Event><Event ErrorLevel="0" Project="agyn.CreateIndexedBitmap" Source="agyn.CreateIndexedBitmap\agyn.CreateIndexedBitmap.csproj" Description="Project converted successfully">
</Event><Event ErrorLevel="3" Project="agyn.CreateIndexedBitmap" Source="agyn.CreateIndexedBitmap\agyn.CreateIndexedBitmap.csproj" Description="Converted">
</Event><Event ErrorLevel="0" Project="" Source="agyn.CreateIndexedBitmap.sln" Description="Solution converted successfully">
</Event><Event ErrorLevel="3" Project="" Source="agyn.CreateIndexedBitmap.sln" Description="Converted">
</Event><Event ErrorLevel="0" Project="agyn.CreateIndexedBitmap" Source="agyn.CreateIndexedBitmap\agyn.CreateIndexedBitmap.csproj" Description="Scan complete: Upgrade not required for project files.">
</Event></UpgradeLog>