<?xml version="1.0" encoding="UTF-8"?><?xml-stylesheet type='text/xsl' href='_UpgradeReport_Files/UpgradeReport.xslt'?><UpgradeLog>
<Properties><Property Name="Solution" Value="agyn.ExamineRoutedEvents">
</Property><Property Name="Solution File" Value="G:\Обучение\WPF_Petzold\Projects\RoutedInputEvents\agyn.ExamineRoutedEvents\agyn.ExamineRoutedEvents.sln">
</Property><Property Name="Date" Value="29 ақпан 2012 ж.">
</Property><Property Name="Time" Value="12:41">
</Property></Properties><Event ErrorLevel="0" Project="" Source="agyn.ExamineRoutedEvents.sln" Description="File successfully backed up as G:\Обучение\WPF_Petzold\Projects\RoutedInputEvents\agyn.ExamineRoutedEvents\Backup\agyn.ExamineRoutedEvents.sln">
</Event><Event ErrorLevel="0" Project="agyn.ExamineRoutedEvents" Source="agyn.ExamineRoutedEvents\agyn.ExamineRoutedEvents.csproj" Description="Project file successfully backed up as G:\Обучение\WPF_Petzold\Projects\RoutedInputEvents\agyn.ExamineRoutedEvents\Backup\agyn.ExamineRoutedEvents\agyn.ExamineRoutedEvents.csproj">
</Event><Event ErrorLevel="0" Project="agyn.ExamineRoutedEvents" Source="agyn.ExamineRoutedEvents\App.xaml.cs" Description="File successfully backed up as G:\Обучение\WPF_Petzold\Projects\RoutedInputEvents\agyn.ExamineRoutedEvents\Backup\agyn.ExamineRoutedEvents\App.xaml.cs">
</Event><Event ErrorLevel="0" Project="agyn.ExamineRoutedEvents" Source="agyn.ExamineRoutedEvents\Window1.xaml.cs" Description="File successfully backed up as G:\Обучение\WPF_Petzold\Projects\RoutedInputEvents\agyn.ExamineRoutedEvents\Backup\agyn.ExamineRoutedEvents\Window1.xaml.cs">
</Event><Event ErrorLevel="0" Project="agyn.ExamineRoutedEvents" Source="agyn.ExamineRoutedEvents\Properties\AssemblyInfo.cs" Description="File successfully backed up as G:\Обучение\WPF_Petzold\Projects\RoutedInputEvents\agyn.ExamineRoutedEvents\Backup\agyn.ExamineRoutedEvents\Properties\AssemblyInfo.cs">
</Event><Event ErrorLevel="0" Project="agyn.ExamineRoutedEvents" Source="agyn.ExamineRoutedEvents\Properties\Resources.Designer.cs" Description="File successfully backed up as G:\Обучение\WPF_Petzold\Projects\RoutedInputEvents\agyn.ExamineRoutedEvents\Backup\agyn.ExamineRoutedEvents\Properties\Resources.Designer.cs">
</Event><Event ErrorLevel="0" Project="agyn.ExamineRoutedEvents" Source="agyn.ExamineRoutedEvents\Properties\Settings.Designer.cs" Description="File successfully backed up as G:\Обучение\WPF_Petzold\Projects\RoutedInputEvents\agyn.ExamineRoutedEvents\Backup\agyn.ExamineRoutedEvents\Properties\Settings.Designer.cs">
</Event><Event ErrorLevel="0" Project="agyn.ExamineRoutedEvents" Source="agyn.ExamineRoutedEvents\Properties\Settings.settings" Description="File successfully backed up as G:\Обучение\WPF_Petzold\Projects\RoutedInputEvents\agyn.ExamineRoutedEvents\Backup\agyn.ExamineRoutedEvents\Properties\Settings.settings">
</Event><Event ErrorLevel="0" Project="agyn.ExamineRoutedEvents" Source="agyn.ExamineRoutedEvents\Properties\Resources.resx" Description="File successfully backed up as G:\Обучение\WPF_Petzold\Projects\RoutedInputEvents\agyn.ExamineRoutedEvents\Backup\agyn.ExamineRoutedEvents\Properties\Resources.resx">
</Event><Event ErrorLevel="0" Project="agyn.ExamineRoutedEvents" Source="agyn.ExamineRoutedEvents\App.xaml" Description="File successfully backed up as G:\Обучение\WPF_Petzold\Projects\RoutedInputEvents\agyn.ExamineRoutedEvents\Backup\agyn.ExamineRoutedEvents\App.xaml">
</Event><Event ErrorLevel="0" Project="agyn.ExamineRoutedEvents" Source="agyn.ExamineRoutedEvents\Window1.xaml" Description="File successfully backed up as G:\Обучение\WPF_Petzold\Projects\RoutedInputEvents\agyn.ExamineRoutedEvents\Backup\agyn.ExamineRoutedEvents\Window1.xaml">
</Event><Event ErrorLevel="0" Project="agyn.ExamineRoutedEvents" Source="agyn.ExamineRoutedEvents\agyn.ExamineRoutedEvents.csproj" Description="Project converted successfully">
</Event><Event ErrorLevel="3" Project="agyn.ExamineRoutedEvents" Source="agyn.ExamineRoutedEvents\agyn.ExamineRoutedEvents.csproj" Description="Converted">
</Event><Event ErrorLevel="0" Project="" Source="agyn.ExamineRoutedEvents.sln" Description="Solution converted successfully">
</Event><Event ErrorLevel="3" Project="" Source="agyn.ExamineRoutedEvents.sln" Description="Converted">
</Event><Event ErrorLevel="0" Project="agyn.ExamineRoutedEvents" Source="agyn.ExamineRoutedEvents\agyn.ExamineRoutedEvents.csproj" Description="Scan complete: Upgrade not required for project files.">
</Event></UpgradeLog>